2026-03-31 11:38, LIPSA STOC
2026-03-31 18:18, LIPSA STOC
2026-03-31 20:04, LIPSA STOC
2026-04-01 12:00, LIPSA STOC
2026-04-01 20:08, LIPSA STOC
2026-04-02 11:35, LIPSA STOC
2026-04-02 20:02, LIPSA STOC
2026-04-03 11:26, LIPSA STOC
2026-04-03 19:56, LIPSA STOC
2026-04-04 10:55, LIPSA STOC
2026-04-04 19:46, LIPSA STOC
2026-04-05 10:58, LIPSA STOC
2026-04-05 19:50, LIPSA STOC
2026-04-06 11:38, LIPSA STOC
2026-04-06 20:04, LIPSA STOC
2026-04-07 12:00, LIPSA STOC
2026-04-07 20:06, LIPSA STOC
2026-04-08 12:02, LIPSA STOC
2026-04-08 20:08, LIPSA STOC
2026-04-09 12:02, LIPSA STOC
2026-04-09 20:36, LIPSA STOC
2026-04-10 11:37, LIPSA STOC
2026-04-10 19:59, LIPSA STOC
2026-04-11 10:59, LIPSA STOC
2026-04-11 19:52, LIPSA STOC
2026-04-12 11:08, LIPSA STOC
2026-04-12 19:55, LIPSA STOC
2026-04-13 12:12, LIPSA STOC
2026-04-13 21:10, LIPSA STOC
2026-04-14 12:09, LIPSA STOC
2026-04-14 21:09, LIPSA STOC
2026-04-15 12:05, LIPSA STOC
2026-04-15 20:31, LIPSA STOC
2026-04-16 12:11, LIPSA STOC
2026-04-16 20:11, LIPSA STOC
2026-04-17 12:02, LIPSA STOC
2026-04-17 20:09, LIPSA STOC
2026-04-18 11:10, LIPSA STOC
2026-04-18 19:55, LIPSA STOC
2026-04-19 11:10, LIPSA STOC
2026-04-19 19:56, LIPSA STOC
2026-04-20 12:15, LIPSA STOC
2026-04-20 20:11, LIPSA STOC
2026-04-21 12:10, LIPSA STOC
2026-04-21 20:37, LIPSA STOC
2026-04-22 12:10, LIPSA STOC
2026-04-22 21:11, LIPSA STOC
2026-04-23 12:10, LIPSA STOC
2026-04-23 21:09, LIPSA STOC
2026-04-24 12:06, LIPSA STOC
2026-04-24 20:10, LIPSA STOC
2026-04-25 11:25, LIPSA STOC
2026-04-25 19:56, LIPSA STOC
2026-04-26 11:26, LIPSA STOC
2026-04-26 20:01, LIPSA STOC
2026-04-27 15:26, LIPSA STOC
2026-04-27 21:36, LIPSA STOC
2026-04-28 16:22, LIPSA STOC
2026-04-28 21:40, LIPSA STOC
2026-04-29 16:04, LIPSA STOC
2026-04-29 21:42, LIPSA STOC
2026-04-30 15:29, LIPSA STOC
2026-04-30 19:28, LIPSA STOC
2026-05-01 10:25, LIPSA STOC
2026-05-01 19:17, LIPSA STOC
2026-05-02 10:00, LIPSA STOC
2026-05-02 19:05, LIPSA STOC
2026-05-03 10:08, LIPSA STOC
2026-05-03 19:05, LIPSA STOC
2026-05-04 11:07, LIPSA STOC
2026-05-04 19:45, LIPSA STOC
2026-05-05 10:49, LIPSA STOC
2026-05-05 19:26, LIPSA STOC
2026-05-06 11:09, LIPSA STOC
2026-05-06 19:50, LIPSA STOC
2026-05-07 11:11, LIPSA STOC
2026-05-07 19:46, LIPSA STOC
2026-05-08 10:26, LIPSA STOC
2026-05-08 19:24, LIPSA STOC
2026-05-09 10:08, LIPSA STOC
2026-05-09 19:08, LIPSA STOC
2026-05-10 10:18, LIPSA STOC
2026-05-10 19:10, LIPSA STOC
2026-05-11 12:13, LIPSA STOC
2026-05-11 19:53, LIPSA STOC
2026-05-12 11:22, LIPSA STOC
2026-05-12 19:58, LIPSA STOC
2026-05-13 11:32, LIPSA STOC
2026-05-13 20:00, LIPSA STOC
2026-05-14 11:15, LIPSA STOC
2026-05-14 19:50, LIPSA STOC
2026-05-15 11:23, LIPSA STOC
2026-05-15 19:43, LIPSA STOC
2026-05-16 10:19, LIPSA STOC
2026-05-16 19:10, LIPSA STOC
2026-05-17 10:24, LIPSA STOC
2026-05-17 19:13, LIPSA STOC
2026-05-18 12:35, LIPSA STOC
2026-05-18 19:48, LIPSA STOC
2026-05-19 12:13, LIPSA STOC
2026-05-19 19:55, LIPSA STOC
2026-05-20 11:50, LIPSA STOC
2026-05-20 20:22, LIPSA STOC
2026-05-21 12:17, LIPSA STOC
2026-05-21 19:58, LIPSA STOC
2026-05-22 11:47, LIPSA STOC
2026-05-22 19:52, LIPSA STOC
2026-05-23 10:38, LIPSA STOC
2026-05-23 19:16, LIPSA STOC
2026-05-24 10:43, LIPSA STOC
2026-05-24 19:22, LIPSA STOC
2026-05-25 12:34, LIPSA STOC
2026-05-25 19:46, LIPSA STOC
2026-05-26 20:12, LIPSA STOC
2026-05-27 12:22, LIPSA STOC
2026-05-27 20:23, LIPSA STOC
2026-05-28 12:30, LIPSA STOC
2026-05-28 20:28, LIPSA STOC
2026-05-29 12:17, LIPSA STOC
2026-05-29 20:30, LIPSA STOC
2026-05-30 10:48, LIPSA STOC
2026-05-30 19:22, LIPSA STOC
2026-05-31 11:00, LIPSA STOC
2026-05-31 19:21, LIPSA STOC
2026-06-01 15:24, LIPSA STOC
2026-06-01 21:36, LIPSA STOC
2026-06-02 12:45, LIPSA STOC
2026-06-02 20:53, LIPSA STOC
2026-06-03 13:19, LIPSA STOC
2026-06-03 21:19, LIPSA STOC
2026-06-04 11:57, LIPSA STOC
2026-06-04 20:09, LIPSA STOC
2026-06-05 12:10, LIPSA STOC
2026-06-05 19:59, LIPSA STOC
2026-06-06 10:55, LIPSA STOC
2026-06-06 19:37, LIPSA STOC
2026-06-07 11:10, LIPSA STOC
2026-06-07 19:37, LIPSA STOC
2026-06-08 13:09, LIPSA STOC
2026-06-08 20:23, LIPSA STOC
2026-06-09 12:07, LIPSA STOC
2026-06-09 20:10, LIPSA STOC
2026-06-10 12:23, LIPSA STOC
2026-06-10 20:34, LIPSA STOC
2026-06-11 12:49, LIPSA STOC
2026-06-11 20:26, LIPSA STOC
2026-06-12 12:21, LIPSA STOC
2026-06-12 20:15, LIPSA STOC
2026-06-13 11:17, LIPSA STOC
2026-06-13 19:41, LIPSA STOC
2026-06-14 11:33, LIPSA STOC
2026-06-14 19:41, LIPSA STOC
2026-06-15 15:18, LIPSA STOC
2026-06-15 21:08, LIPSA STOC
2026-06-16 14:12, LIPSA STOC
2026-06-16 20:55, LIPSA STOC
2026-06-17 12:52, LIPSA STOC
2026-06-17 20:18, LIPSA STOC
2026-06-18 12:28, LIPSA STOC
2026-06-18 20:29, LIPSA STOC
2026-06-19 12:50, LIPSA STOC
2026-06-19 19:53, LIPSA STOC
2026-06-20 11:20, LIPSA STOC
2026-06-20 19:42, LIPSA STOC
2026-06-21 11:47, LIPSA STOC
2026-06-21 19:47, LIPSA STOC
2026-06-22 14:44, LIPSA STOC
2026-06-22 20:52, LIPSA STOC
2026-06-23 12:09, LIPSA STOC
2026-06-23 20:10, LIPSA STOC
2026-06-24 11:47, LIPSA STOC
2026-06-24 19:50, LIPSA STOC
2026-06-25 11:41, LIPSA STOC
2026-06-25 20:04, LIPSA STOC
2026-06-26 11:46, LIPSA STOC
2026-06-26 19:53, LIPSA STOC
2026-06-27 10:58, LIPSA STOC
2026-06-27 19:25, LIPSA STOC
2026-06-28 11:10, LIPSA STOC
2026-06-28 19:26, LIPSA STOC
2026-06-29 13:09, LIPSA STOC
2026-06-29 20:02, LIPSA STOC
2026-06-30 11:46, LIPSA STOC
2026-06-30 20:02, LIPSA STOC
2026-07-01 12:10, LIPSA STOC
2026-07-01 20:00, LIPSA STOC
2026-07-02 11:36, LIPSA STOC
2026-07-02 19:35, LIPSA STOC
2026-07-03 11:35, LIPSA STOC
2026-07-03 19:27, LIPSA STOC
2026-07-04 10:55, LIPSA STOC
2026-07-04 19:19, LIPSA STOC
2026-07-05 11:06, LIPSA STOC
2026-07-05 19:22, LIPSA STOC
2026-07-06 12:51, LIPSA STOC
2026-07-06 20:02, LIPSA STOC
2026-07-07 11:54, LIPSA STOC
2026-07-07 20:00, LIPSA STOC
2026-07-08 11:07, LIPSA STOC
2026-07-08 19:37, LIPSA STOC
2026-07-09 12:13, LIPSA STOC
2026-07-09 19:50, LIPSA STOC
2026-07-10 11:54, LIPSA STOC
2026-07-10 19:37, LIPSA STOC
2026-07-11 10:17, LIPSA STOC
2026-07-11 19:09, LIPSA STOC
2026-07-12 10:36, LIPSA STOC
2026-07-12 19:09, LIPSA STOC
2026-07-13 12:08, LIPSA STOC
2026-07-13 19:26, LIPSA STOC
2026-07-14 10:50, LIPSA STOC
2026-07-14 19:24, LIPSA STOC
2026-07-15 10:53, LIPSA STOC
2026-07-15 19:15, LIPSA STOC
2026-07-16 11:02, LIPSA STOC
2026-07-16 19:16, LIPSA STOC
2026-07-17 10:49, LIPSA STOC
2026-07-17 19:15, LIPSA STOC
2026-07-18 10:20, LIPSA STOC
2026-07-18 19:09, LIPSA STOC
2026-07-19 10:36, LIPSA STOC
2026-07-19 19:10, LIPSA STOC
2026-07-20 11:47, LIPSA STOC
2026-07-20 19:46, LIPSA STOC
2026-07-21 11:10, LIPSA STOC
2026-07-21 19:35, LIPSA STOC
2026-07-22 11:11, LIPSA STOC
2026-07-22 19:25, LIPSA STOC
2026-07-23 11:12, LIPSA STOC
2026-07-23 19:22, LIPSA STOC
2026-07-24 11:04, LIPSA STOC
2026-07-24 19:34, LIPSA STOC
2026-07-25 10:36, LIPSA STOC
2026-07-25 19:12, LIPSA STOC
2026-07-26 10:45, LIPSA STOC
2026-07-26 19:15, LIPSA STOC
2026-07-27 12:26, LIPSA STOC
2026-07-27 19:38, LIPSA STOC
2026-07-28 11:20, LIPSA STOC
2026-07-28 19:36, LIPSA STOC
2026-07-29 11:28, LIPSA STOC
2026-07-29 19:20, LIPSA STOC
2026-07-30 11:09, LIPSA STOC
2026-07-30 19:36, LIPSA STOC
2026-07-31 11:30, LIPSA STOC
2026-07-31 19:38, LIPSA STOC
2026-08-01 10:42, LIPSA STOC
2026-08-01 19:12, LIPSA STOC
2026-08-02 10:42, LIPSA STOC
2026-08-02 19:15, LIPSA STOC
2026-08-03 12:27, LIPSA STOC
2026-08-03 19:41, LIPSA STOC
2026-08-04 11:26, LIPSA STOC
2026-08-04 19:40, LIPSA STOC
2026-08-05 11:22, LIPSA STOC
2026-08-05 19:39, LIPSA STOC
2026-08-06 11:25, LIPSA STOC
2026-08-07 00:04, LIPSA STOC
2026-08-07 10:03, LIPSA STOC
2026-08-07 19:01, LIPSA STOC
2026-08-08 09:40, LIPSA STOC
2026-08-08 18:41, LIPSA STOC
2026-08-09 09:42, LIPSA STOC
2026-08-09 18:45, LIPSA STOC
2026-08-10 10:19, LIPSA STOC
2026-08-10 19:00, LIPSA STOC
2026-08-11 10:02, LIPSA STOC
2026-08-11 19:04, LIPSA STOC
2026-08-12 10:09, LIPSA STOC
2026-08-12 19:04, LIPSA STOC
2026-08-13 10:10, LIPSA STOC
2026-08-13 19:05, LIPSA STOC
2026-08-14 10:05, LIPSA STOC
2026-08-14 18:58, LIPSA STOC
2026-08-15 09:28, LIPSA STOC
2026-08-15 18:33, LIPSA STOC
2026-08-16 09:29, LIPSA STOC
2026-08-16 18:32, LIPSA STOC
2026-08-17 09:45, LIPSA STOC
2026-08-17 18:42, LIPSA STOC
2026-08-18 09:36, LIPSA STOC
2026-08-18 18:41, LIPSA STOC
2026-08-19 09:36, LIPSA STOC
2026-08-19 18:38, LIPSA STOC
2026-08-20 09:37, LIPSA STOC
2026-08-20 18:42, LIPSA STOC
2026-08-21 09:39, LIPSA STOC
2026-08-21 18:40, LIPSA STOC
2026-08-22 09:29, LIPSA STOC
2026-08-22 18:34, LIPSA STOC
2026-08-23 09:30, LIPSA STOC
2026-08-23 18:33, LIPSA STOC
2026-08-24 09:50, LIPSA STOC
2026-08-24 18:43, LIPSA STOC
2026-08-25 09:38, LIPSA STOC
2026-08-25 18:42, LIPSA STOC
2026-08-26 09:45, LIPSA STOC
2026-08-26 19:49, LIPSA STOC
2026-08-27 19:40, LIPSA STOC
2026-08-28 20:45, LIPSA STOC
2026-08-29 14:14, LIPSA STOC
2026-08-29 20:39, LIPSA STOC
2026-08-30 14:19, LIPSA STOC
2026-08-30 20:45, LIPSA STOC
2026-08-31 16:52, LIPSA STOC
2026-08-31 22:38, LIPSA STOC
2026-09-01 14:00, LIPSA STOC
2026-09-01 20:46, LIPSA STOC
2026-09-02 13:24, LIPSA STOC
2026-09-02 20:45, LIPSA STOC
2026-09-03 13:22, LIPSA STOC
2026-09-03 20:43, LIPSA STOC
2026-09-04 13:16, LIPSA STOC
2026-09-04 20:29, LIPSA STOC
2026-09-05 12:29, LIPSA STOC
2026-09-05 20:05, LIPSA STOC
2026-09-06 12:41, LIPSA STOC
2026-09-06 20:10, LIPSA STOC
